ID,DIR_NAME,STATUS,ELAPSED_MIN,BEST_AFFINITY,START_TIME,END_TIME
LIG_0001,LIG_0001__N-((3-(4-(benzyloxy)phenyl)-1-phenyl-1H-pyrazol-4yl)methyl)-L-methionin,DONE,1.69,-9.2314,2026-03-18 11:54:04,2026-03-18 11:55:45
LIG_0002,LIG_0002__N-((3-(4(benzyloxy)phenyl)-1-phenyl-1H-pyrazol-4yl)methyl)-L-phenylalanin,DONE,1.84,-10.9067,2026-03-18 11:55:45,2026-03-18 11:57:35
LIG_0003,LIG_0003__N-((3-(4(benzyloxy)phenyl)-1-phenyl-1H-pyrazol-4yl)methyl)-L-tryptophan,DONE,2.17,-10.6145,2026-03-18 11:57:35,2026-03-18 11:59:45
LIG_0004,LIG_0004__N-((3-(4(benzyloxy)phenyl)-1-phenyl-1H-pyrazol-4yl)methyl)-L-tyrosin,DONE,1.98,-10.2964,2026-03-18 11:59:45,2026-03-18 12:01:44
LIG_0005,LIG_0005__N-((3-(4-(benzyloxy)phenyl)-1-phenyl-1H-pyrazol-4yl)methyl)-L-leucin,DONE,1.63,-9.2091,2026-03-18 12:01:44,2026-03-18 12:03:22
LIG_0006,LIG_0006__N-((3-(4(benzyloxy)phenyl)-1-phenyl-1H-pyrazol-4yl)methyl)-L-isoleucin,DONE,1.63,-11.0237,2026-03-18 12:03:22,2026-03-18 12:05:00
LIG_0007,LIG_0007__N-((3-(4(benzyloxy)phenyl)-1-phenyl-1H-pyrazol-4yl)methyl)-L-alanin,DONE,1.36,-10.0068,2026-03-18 12:05:00,2026-03-18 12:06:22
LIG_0008,LIG_0008__3-(((3-(4-(benzyloxy)phenyl)-1-phenyl-1H-pyrazol-4yl)methyl)amino)benzoic_acid,DONE,1.53,-11.5326,2026-03-18 12:06:22,2026-03-18 12:07:53
LIG_0009,LIG_0009__N-((3-(4-(benzyloxy)phenyl)-1-(3-nitrophenyl)-1H-pyrazol-4-yl)methyl)-L-methioni,DONE,1.97,-10.2023,2026-03-18 12:07:53,2026-03-18 12:09:52
LIG_0010,LIG_0010__N-((3-(4-(benzyloxy)phenyl)-1-(3-nitrophenyl)-1H-pyrazol-4-yl)methyl)-L-phenylal,DONE,2.10,-10.7269,2026-03-18 12:09:52,2026-03-18 12:11:58
LIG_0011,LIG_0011__((3-(4-(benzyloxy)phenyl)-1-(3-nitrophenyl)-1H-pyrazol-4-yl)methyl)-L-tryptophan,DONE,2.48,-11.6492,2026-03-18 12:11:58,2026-03-18 12:14:26
LIG_0012,LIG_0012__N-((3-(4-(benzyloxy)phenyl)-1-(3-nitrophenyl)-1H-pyrazol-4-yl)methyl)-L-tyrosin,DONE,2.28,-10.8223,2026-03-18 12:14:26,2026-03-18 12:16:43
LIG_0013,LIG_0013__N-((3-(4-(benzyloxy)phenyl)-1-(3-nitrophenyl)-1H-pyrazol-4-yl)methyl)-L-isoleuci,DONE,1.90,-10.4456,2026-03-18 12:16:43,2026-03-18 12:18:37
LIG_0014,LIG_0014__4-(((3-(4-(benzyloxy)phenyl)-1-(3-nitrophenyl)-1H-pyrazol-4-yl)methyl)amino)benz,DONE,1.78,-10.4635,2026-03-18 12:18:37,2026-03-18 12:20:24
LIG_0015,LIG_0015__N-((3-(4-((3-chlorobenzyl)oxy)phenyl)_-1-(3-nitrophenyl)-1H-pyrazol-4-yl)methyl),DONE,2.11,-9.7261,2026-03-18 12:20:24,2026-03-18 12:22:31
LIG_0016,LIG_0016__N-((3-(4-((3-chlorobenzyl)oxy)phenyl)_-1-(3-nitrophenyl)-1H-pyrazol-4-yl)methyl),DONE,2.60,-11.4776,2026-03-18 12:22:31,2026-03-18 12:25:07
LIG_0017,LIG_0017__N-((3-(4-((3-chlorobenzyl)oxy)phenyl)-1-(3-nitrophenyl)-1H-pyrazol-4-yl)methyl)-,DONE,2.36,-11.1305,2026-03-18 12:25:07,2026-03-18 12:27:28
LIG_0018,LIG_0018__N-((3-(4-((4-chlorobenzyl)oxy)phenyl)-1-(3-nitrophenyl)-1H-pyrazol-4-yl)methyl)-,DONE,2.09,-10.5828,2026-03-18 12:27:28,2026-03-18 12:29:34
LIG_0019,LIG_0019__N-((3-(3-((3-chlorobenzyl)oxy)phenyl)-1-(3-nitrophenyl)-1H-pyrazol-4-yl)methyl)-,DONE,1.65,-10.9061,2026-03-18 12:29:34,2026-03-18 12:31:13
LIG_0020,LIG_0020__N-((3-(3-((3-chlorobenzyl)oxy)phenyl)-1-(3-nitrophenyl)-1H-pyrazol-4-yl)methyl)-,DONE,1.97,-10.3554,2026-03-18 12:31:13,2026-03-18 12:33:11
LIG_0021,LIG_0021__N-((3-(3-((3-chlorobenzyl)oxy)phenyl)-1-(3-nitrophenyl)-1H-pyrazol-4-yl)methyl)-,DONE,2.18,-11.4209,2026-03-18 12:33:11,2026-03-18 12:35:22
LIG_0022,LIG_0022__N-((3-(3-((3-chlorobenzyl)oxy)phenyl)-1-(3-nitrophenyl)-1H-pyrazol-4-yl)methyl)-,DONE,1.95,-10.2169,2026-03-18 12:35:22,2026-03-18 12:37:19
LIG_0023,LIG_0023__N-((3-(3-((3-chlorobenzyl)oxy)phenyl)-1-(3-nitrophenyl)-1H-pyrazol-4-yl)methyl)-,DONE,1.97,-10.9216,2026-03-18 12:37:19,2026-03-18 12:39:17
LIG_0024,LIG_0024__N-((3-(3-((3-chlorobenzyl)oxy)phenyl)-1-(3-nitrophenyl)-1H-pyrazol-4-yl)methyl)-,DONE,2.05,-10.1233,2026-03-18 12:39:17,2026-03-18 12:41:20
LIG_0025,LIG_0025__N-((3-(3-((3-chlorobenzyl)oxy)phenyl)-1-(3-nitrophenyl)-1H-pyrazol-4-yl)methyl)-,DONE,2.54,-11.1913,2026-03-18 12:41:20,2026-03-18 12:43:53
LIG_0026,LIG_0026__N-((3-(3-((3-chlorobenzyl)oxy)phenyl)-1-(3-nitrophenyl)-1H-pyrazol-4-yl)methyl)-,DONE,2.35,-11.5029,2026-03-18 12:43:53,2026-03-18 12:46:14
LIG_0027,LIG_0027__N-((3-(3-(benzyloxy)phenyl)-1-(3-nitrophenyl)-1H-pyrazol-4-yl)methyl)-L-alanin,DONE,1.56,-10.3442,2026-03-18 12:46:14,2026-03-18 12:47:48
LIG_0028,LIG_0028__N-((3-(3-(benzyloxy)phenyl)-1-(3-nitrophenyl)-1H-pyrazol-4-yl)methyl)-L-aspartic,DONE,1.88,-10.2614,2026-03-18 12:47:48,2026-03-18 12:49:40
LIG_0029,LIG_0029__N-((3-(3-(benzyloxy)phenyl)-1-(3-nitrophenyl)-1H-pyrazol-4-yl)methyl)-L-phenylal,DONE,2.05,-11.6232,2026-03-18 12:49:40,2026-03-18 12:51:43
LIG_0030,LIG_0030__N-((3-(3-(benzyloxy)phenyl)-1-(3-nitrophenyl)-1H-pyrazol-4-yl)methyl)-L-isoleuci,DONE,1.84,-9.4322,2026-03-18 12:51:43,2026-03-18 12:53:34
LIG_0031,LIG_0031__N-((3-(3-(benzyloxy)phenyl)-1-(3-nitrophenyl)-1H-pyrazol-4-yl)methyl)-L-leucin,DONE,1.82,-10.4196,2026-03-18 12:53:34,2026-03-18 12:55:23
LIG_0032,LIG_0032__N-((3-(3-(benzyloxy)phenyl)-1-(3-nitrophenyl)-1H-pyrazol-4-yl)methyl)-L-methioni,DONE,1.94,-10.5138,2026-03-18 12:55:23,2026-03-18 12:57:19
LIG_0033,LIG_0033__1-((3-(3-(benzyloxy)phenyl)-1-(3-nitrophenyl)-1H-pyrazol-4-yl)methyl)piperidin-2,DONE,1.65,-9.4896,2026-03-18 12:57:19,2026-03-18 12:58:58
LIG_0034,LIG_0034__N-((3-(3-(benzyloxy)phenyl)-1-(3-nitrophenyl)-1H-pyrazol-4-yl)methyl)-L-threonin,DONE,1.75,-10.1030,2026-03-18 12:58:58,2026-03-18 13:00:43
LIG_0035,LIG_0035__N-((3-(3-(benzyloxy)phenyl)-1-(3-nitrophenyl)-1H-pyrazol-4-yl)methyl)-L-valin,DONE,1.72,-11.0667,2026-03-18 13:00:43,2026-03-18 13:02:26
LIG_0036,LIG_0036__N-((3-(3-(benzyloxy)phenyl)-1-(3-nitrophenyl)-1H-pyrazol-4-yl)methyl)-L-tryptoph,DONE,2.37,-11.6539,2026-03-18 13:02:26,2026-03-18 13:04:48
LIG_0037,LIG_0037__N-((3-(3-(benzyloxy)phenyl)-1-(3-nitrophenyl)-1H-pyrazol-4-yl)methyl)-L-tyrosin,DONE,2.27,-10.5937,2026-03-18 13:04:48,2026-03-18 13:07:04
LIG_0038,LIG_0038__N-((3-(3-((4-chlorobenzyl)oxy)phenyl)-1-(3-nitrophenyl)-1H-pyrazol-4-yl)methyl)-,DONE,1.69,-9.9144,2026-03-18 13:07:04,2026-03-18 13:08:46
LIG_0039,LIG_0039__N-((3-(3-((4-chlorobenzyl)oxy)phenyl)-1-(3-nitrophenyl)-1H-pyrazol-4-yl)methyl)-,DONE,2.05,-10.3379,2026-03-18 13:08:46,2026-03-18 13:10:49
LIG_0040,LIG_0040__N-((3-(3-((4-chlorobenzyl)oxy)phenyl)-1-(3-nitrophenyl)-1H-pyrazol-4-yl)methyl)-,DONE,2.25,-10.8049,2026-03-18 13:10:49,2026-03-18 13:13:04
LIG_0041,LIG_0041__N-((3-(3-((4-chlorobenzyl)oxy)phenyl)-1-(3-nitrophenyl)-1H-pyrazol-4-yl)methyl)-,DONE,2.03,-10.4213,2026-03-18 13:13:04,2026-03-18 13:15:05
LIG_0042,LIG_0042__N-((3-(3-((4-chlorobenzyl)oxy)phenyl)-1-(3-nitrophenyl)-1H-pyrazol-4-yl)methyl)-,DONE,2.02,-10.8524,2026-03-18 13:15:05,2026-03-18 13:17:06
LIG_0043,LIG_0043__N-((3-(3-((4-chlorobenzyl)oxy)phenyl)-1-(3-nitrophenyl)-1H-pyrazol-4-yl)methyl)-,DONE,2.11,-9.2502,2026-03-18 13:17:06,2026-03-18 13:19:13
LIG_0044,LIG_0044__N-((3-(3-((4-chlorobenzyl)oxy)phenyl)-1-(3-nitrophenyl)-1H-pyrazol-4-yl)methyl)-,DONE,1.91,-10.6955,2026-03-18 13:19:13,2026-03-18 13:21:07
LIG_0045,LIG_0045__N-((3-(3-((4-chlorobenzyl)oxy)phenyl)-1-(3-nitrophenyl)-1H-pyrazol-4-yl)methyl)-,DONE,1.85,-10.4411,2026-03-18 13:21:07,2026-03-18 13:22:58
LIG_0046,LIG_0046__N-((3-(3-((4-chlorobenzyl)oxy)phenyl)-1-(3-nitrophenyl)-1H-pyrazol-4-yl)methyl)-,DONE,2.62,-11.0226,2026-03-18 13:22:58,2026-03-18 13:25:35
LIG_0047,LIG_0047__N-((3-(3-((4-chlorobenzyl)oxy)phenyl)-1-(3-nitrophenyl)-1H-pyrazol-4-yl)methyl)-,DONE,2.41,-10.5931,2026-03-18 13:25:35,2026-03-18 13:28:00
LIG_0048,LIG_0048__N-((3-(4-(benzyloxy)phenyl)-1-(4-chlorophenyl)-1H-pyrazol-4-yl)methyl)-L-alanin,DONE,1.44,-10.4324,2026-03-18 13:28:00,2026-03-18 13:29:26
LIG_0049,LIG_0049__N-((3-(4-(benzyloxy)phenyl)-1-(4-chlorophenyl)-1H-pyrazol-4-yl)methyl)-L-arginin,DONE,2.37,-10.0287,2026-03-18 13:29:26,2026-03-18 13:31:48
LIG_0050,LIG_0050__N-((3-(4-(benzyloxy)phenyl)-1-(4-chlorophenyl)-1H-pyrazol-4-yl)methyl)-L-isoleuc,DONE,1.72,-10.3570,2026-03-18 13:31:48,2026-03-18 13:33:31
LIG_0051,LIG_0051__N-((3-(4-(benzyloxy)phenyl)-1-(4-chlorophenyl)-1H-pyrazol-4-yl)methyl)-L-leucin,DONE,1.73,-9.8839,2026-03-18 13:33:31,2026-03-18 13:35:15
LIG_0052,LIG_0052__N-((3-(4-(benzyloxy)phenyl)-1-(4-chlorophenyl)-1H-pyrazol-4-yl)methyl)-L-methion,DONE,1.81,-9.3582,2026-03-18 13:35:15,2026-03-18 13:37:04
LIG_0053,LIG_0053__N-((3-(4-(benzyloxy)phenyl)-1-(4-chlorophenyl)-1H-pyrazol-4-yl)methyl)-L-phenyla,DONE,1.99,-11.1399,2026-03-18 13:37:04,2026-03-18 13:39:03
LIG_0054,LIG_0054__N-((3-(4-(benzyloxy)phenyl)-1-(4-chlorophenyl)-1H-pyrazol-4-yl)methyl)-L-tryptop,DONE,2.20,-10.5052,2026-03-18 13:39:03,2026-03-18 13:41:15
LIG_0055,LIG_0055__N-((3-(4-(benzyloxy)phenyl)-1-(4-chlorophenyl)-1H-pyrazol-4-yl)methyl)-L-tyrosin,DONE,2.00,-10.3517,2026-03-18 13:41:15,2026-03-18 13:43:15
LIG_0056,LIG_0056__3-(((3-(4-(benzyloxy)phenyl)-1-(4-chlorophenyl)-1H-pyrazol-4-yl)methyl)amino)ben,DONE,1.67,-11.7621,2026-03-18 13:43:15,2026-03-18 13:44:55
LIG_0057,LIG_0057__4-(((3-(4-(benzyloxy)phenyl)-1-(4-chlorophenyl)-1H-pyrazol-4-yl)methyl)amino)ben,DONE,1.64,-10.5474,2026-03-18 13:44:55,2026-03-18 13:46:34
LIG_0058,LIG_0058__N-((3-(4-((4-chlorobenzyl)oxy)phenyl)-1-(4-chlorophenyl)-1H-pyrazol-4-yl)methyl),DONE,1.53,-10.0082,2026-03-18 13:46:34,2026-03-18 13:48:06
LIG_0059,LIG_0059__N-((3-(4-((4-chlorobenzyl)oxy)phenyl)-1-(4-chlorophenyl)-1H-pyrazol-4-yl)methyl),DONE,1.50,-9.7193,2026-03-18 13:48:06,2026-03-18 13:49:36
LIG_0060,LIG_0060__N-((3-(4-((4-chlorobenzyl)oxy)phenyl)-1-(4-chlorophenyl)-1H-pyrazol-4-yl)methyl),DONE,1.81,-9.8492,2026-03-18 13:49:36,2026-03-18 13:51:25
LIG_0061,LIG_0061__N-((3-(4-((4-chlorobenzyl)oxy)phenyl)-1-(4-chlorophenyl)-1H-pyrazol-4-yl)methyl),DONE,1.92,-9.6791,2026-03-18 13:51:25,2026-03-18 13:53:20
LIG_0062,LIG_0062__N-((3-(4-((4-chlorobenzyl)oxy)phenyl)-1-(4-chlorophenyl)-1H-pyrazol-4-yl)methyl),DONE,2.21,-10.6583,2026-03-18 13:53:20,2026-03-18 13:55:32
LIG_0063,LIG_0063__4-(((3-(4-((4-chlorobenzyl)oxy)phenyl)-1-(4-chlorophenyl)-1H-pyrazol-4-yl)methyl,DONE,1.77,-10.8210,2026-03-18 13:55:32,2026-03-18 13:57:18
LIG_0064,LIG_0064__N-((3-(4-((4chlorobenzyl)ox_y)phenyl)-1-phenyl-1H-pyrazol-4yl)methyl)-L-leucin,DONE,1.81,-9.7270,2026-03-18 13:57:18,2026-03-18 13:59:06
LIG_0065,LIG_0065__(2S)-2-(((3-(4-((4-chlorobenzyl)oxy)phenyl)-1-phenyl-1H-pyrazol-4-yl)methyl)amin,DONE,1.81,-10.3978,2026-03-18 13:59:06,2026-03-18 14:00:55
LIG_0066,LIG_0066__N-((3-(4-((4-chlorobenzyl)oxy)phenyl)-1-phenyl-1H-pyrazol-4-yl)methyl)-L-alanin,DONE,1.49,-9.4593,2026-03-18 14:00:55,2026-03-18 14:02:24
LIG_0067,LIG_0067__N-((3-(4-((4-chlorobenzyl)oxy)phenyl)-1-phenyl-1H-pyrazol-4-yl)methyl)-L-phenyla,DONE,1.99,-10.3736,2026-03-18 14:02:24,2026-03-18 14:04:24
LIG_0068,LIG_0068__N-((3-(4-((4-chlorobenzyl)oxy)phenyl)-1-phenyl-1H-pyrazol-4-yl)methyl)-L-tyrosin,DONE,2.14,-10.8518,2026-03-18 14:04:24,2026-03-18 14:06:32
LIG_0069,LIG_0069__N-((3-(4-((4-chlorobenzyl)oxy)phenyl)-1-phenyl-1H-pyrazol-4-yl)methyl)-L-methion,DONE,1.87,-8.4636,2026-03-18 14:06:32,2026-03-18 14:08:25
LIG_0070,LIG_0070__N-((3-(4-((4-chlorobenzyl)oxy)phenyl)-1-phenyl-1H-pyrazol-4-yl)methyl)-L-tryptop,DONE,2.29,-12.3532,2026-03-18 14:08:25,2026-03-18 14:10:42
LIG_0071,LIG_0071__N-((3-(4-((4-chlorobenzyl)oxy)phenyl)-1-phenyl-1H-pyrazol-4-yl)methyl)-L-glutami,DONE,1.91,-9.5452,2026-03-18 14:10:42,2026-03-18 14:12:37
LIG_0072,LIG_0072__(R)-2-(((3-(4-((4-chlorobenzyl)oxy)phenyl)-1-phenyl-1H-pyrazol-4-yl)methyl)amino,DONE,1.82,-9.8342,2026-03-18 14:12:37,2026-03-18 14:14:26
LIG_0073,LIG_0073__(R)-2-(((3-(4-((3-chlorobenzyl)oxy)phenyl)-1-phenyl-1H-pyrazol-4-yl)methyl)amino,DONE,1.76,-11.4135,2026-03-18 14:14:26,2026-03-18 14:16:12
LIG_0074,LIG_0074__N-((3(4((3-chlorobenzyl)oxy)phenyl)-1-phenyl-1H-pyrazol-4-yl)methyl)-L-glycin,DONE,1.39,-9.2095,2026-03-18 14:16:12,2026-03-18 14:17:35
LIG_0075,LIG_0075__N-((3-(4-((3-chlorobenzyl)oxy)phenyl)-1-phenyl-1H-pyrazol-4-yl)methyl)-L-tryptop,DONE,2.23,-11.1911,2026-03-18 14:17:35,2026-03-18 14:19:49
LIG_0076,LIG_0076__N-((3-(4-((3-chlorobenzyl)oxy)phenyl)-1-phenyl-1H-pyrazol-4-yl)methyl)-L-alanin,DONE,1.46,-9.3442,2026-03-18 14:19:49,2026-03-18 14:21:17
LIG_0077,LIG_0077__N-((3-(4-(benzyloxy)phenyl)-1(4-nitrophenyl)-1H-pyrazol-4-yl)methyl)-L-alanin,DONE,1.57,-11.2038,2026-03-18 14:21:17,2026-03-18 14:22:51
LIG_0078,LIG_0078__(2S)-2-(((3-(4-(benzyloxy)phenyl)-1-(4-nitrophenyl)-1H-pyrazol-4-yl)methyl)amino,DONE,1.88,-9.5229,2026-03-18 14:22:51,2026-03-18 14:24:44
LIG_0079,LIG_0079__N-((3-(4-(benzyloxy)phenyl)-1(4-nitrophenyl)-1H-pyrazol-4-yl)methyl)-L-tyrosin,DONE,2.27,-10.5576,2026-03-18 14:24:44,2026-03-18 14:27:00
LIG_0080,LIG_0080__3-(((3-(4-((4-chlorobenzyl)oxy)phenyl)-1(4-nitrophenyl)-1H-pyrazol-4-yl)methyl)a,DONE,1.97,-11.3051,2026-03-18 14:27:00,2026-03-18 14:28:58
LIG_0081,LIG_0081__N-((3-(4-((4-chlorobenzyl)oxy)phenyl)-1(4-nitrophenyl)-1H-pyrazol-4-yl)methyl)-L,DONE,1.70,-9.2152,2026-03-18 14:28:58,2026-03-18 14:30:40
LIG_0082,LIG_0082__N-((3-(4-((3-chlorobenzyl)oxy)phenyl)-1-phenyl-1H-pyrazol-4-yl)methyl)-L-leucin,DONE,1.76,-9.6571,2026-03-18 14:30:40,2026-03-18 14:32:26
LIG_0083,LIG_0083__N-(((3-(4-((3-chlorobenzyl)oxy)phenyl)-1-phenyl-1H-pyrazol-4-yl)methyl)amino)-L-,DONE,1.89,-9.5343,2026-03-18 14:32:26,2026-03-18 14:34:19
LIG_0084,LIG_0084__N-((3-(4-((3-chlorobenzyl)oxy)phenyl)-1-phenyl-1H-pyrazol-4-yl)methyl)-L-phenyla,DONE,1.96,-10.5287,2026-03-18 14:34:19,2026-03-18 14:36:17
LIG_0085,LIG_0085__N-((3-(4-((3-chlorobenzyl)oxy)phenyl)-1-phenyl-1H-pyrazol-4-yl)methyl)-L-tyrosin,DONE,2.12,-10.5110,2026-03-18 14:36:17,2026-03-18 14:38:24
LIG_0086,LIG_0086__N-((3-(4-((3-chlorobenzyl)oxy)phenyl)-1(3-nitrophenyl)-1H-pyrazol-4-yl)methyl)-L,DONE,2.12,-9.7261,2026-03-18 14:38:24,2026-03-18 14:40:31
LIG_0087,LIG_0087__((3-(2-(benzyloxy)phenyl)1-(4-bromophenyl)-1Hpyrazol-4-yl)methyl)-L-alanin,DONE,1.45,-10.3879,2026-03-18 14:40:31,2026-03-18 14:41:58
LIG_0088,LIG_0088__N-((3-(2-(benzyloxy)phenyl)1-(4-bromophenyl)-1H-pyrazol-4-yl)methyl)-L-methionin,DONE,1.79,-9.7539,2026-03-18 14:41:58,2026-03-18 14:43:46
LIG_0089,LIG_0089__N-((3-(2-(benzyloxy)phenyl)1-(4-bromophenyl)-1H-pyrazol-4-yl)methyl)-L-leucin,DONE,1.71,-10.0852,2026-03-18 14:43:46,2026-03-18 14:45:28
LIG_0090,LIG_0090__N-((3-(2-(benzyloxy)phenyl)1-(4-bromophenyl)-1H-pyrazol-4-yl)methyl)-L-isoleucin,DONE,1.73,-8.4977,2026-03-18 14:45:28,2026-03-18 14:47:12
LIG_0091,LIG_0091__N-((3-(2-(benzyloxy)phenyl)1-(4-bromophenyl)-1H-pyrazol-4-yl)methyl)-L-valin,DONE,1.59,-8.6130,2026-03-18 14:47:12,2026-03-18 14:48:48
LIG_0092,LIG_0092__N-((3-(2-(benzyloxy)phenyl)1-(4-bromophenyl)-1H-pyrazol-4-yl)methyl)-L-tyrosin,DONE,2.03,-10.7034,2026-03-18 14:48:48,2026-03-18 14:50:49
LIG_0093,LIG_0093__N-((3-(2-(benzyloxy)phenyl)1-(4-bromophenyl)-1H-pyrazol-4-yl)methyl)-L-phenylala,DONE,1.94,-10.5094,2026-03-18 14:50:49,2026-03-18 14:52:46
LIG_0094,LIG_0094__N-((3-(2-(benzyloxy)phenyl)1-(4-bromophenyl)-1H-pyrazol-4-yl)methyl)-L-tryptopha,DONE,2.19,-9.8445,2026-03-18 14:52:46,2026-03-18 14:54:58
LIG_0095,LIG_0095__N-((3-(2-(benzyloxy)phenyl)1-(4-bromophenyl)-1H-pyrazol-4-yl)methyl)-L-threonin,DONE,1.64,-9.6086,2026-03-18 14:54:58,2026-03-18 14:56:36
LIG_0096,LIG_0096__N-((3-(2-(benzyloxy)phenyl)1-(4-bromophenyl)-1H-pyrazol-4-yl)methyl)-L-aspartic_,DONE,1.74,-9.4178,2026-03-18 14:56:36,2026-03-18 14:58:20
LIG_0097,LIG_0097__N-((3-(2-(benzyloxy)phenyl)1-(4-bromophenyl)-1H-pyrazol-4-yl)methyl)-L-arginin,DONE,2.38,-9.9049,2026-03-18 14:58:20,2026-03-18 15:00:44
LIG_0098,LIG_0098__N-((3-(2-(benzyloxy)phenyl)1-(4-bromophenyl)-1H-pyrazol-4-yl)methyl)-L-glutamic_,DONE,1.85,-9.2498,2026-03-18 15:00:44,2026-03-18 15:02:35
LIG_0099,LIG_0099__3-(((3-(2-(benzyloxy)phenyl)-1-(4-bromophenyl)-1H-pyrazol-4-yl)methyl)amino)benz,DONE,1.63,-10.6256,2026-03-18 15:02:35,2026-03-18 15:04:12
LIG_0100,LIG_0100__N-((1-(4-bromophenyl)-3-(2-((4-chlorobenzyl)oxy)phenyl)-1H-pyrazol-4-yl)methyl)-,DONE,1.72,-8.9771,2026-03-18 15:04:12,2026-03-18 15:05:56
LIG_0101,LIG_0101__N-((1-(4-bromophenyl)-3-(2-((4-chlorobenzyl)oxy)phenyl)-1H-pyrazol-4-yl)methyl)-,DONE,1.47,-8.7289,2026-03-18 15:05:56,2026-03-18 15:07:24
LIG_0102,LIG_0102__N-((1-(4-bromophenyl)-3-(2-((4-chlorobenzyl)oxy)phenyl)-1H-pyrazol-4-yl)methyl)-,DONE,1.81,-10.8199,2026-03-18 15:07:24,2026-03-18 15:09:13
LIG_0103,LIG_0103__N-((1-(4-bromophenyl)-3-(2-((4-chlorobenzyl)oxy)phenyl)-1H-pyrazol-4-yl)methyl)-,DONE,1.83,-8.8016,2026-03-18 15:09:13,2026-03-18 15:11:02
LIG_0104,LIG_0104__N-((1-(4-bromophenyl)-3-(2-((4-chlorobenzyl)oxy)phenyl)-1H-pyrazol-4-yl)methyl)-,DONE,2.21,-10.5279,2026-03-18 15:11:02,2026-03-18 15:13:15
LIG_0105,LIG_0105__N-((1-(4-bromophenyl)-3-(2-((4-chlorobenzyl)oxy)phenyl)-1H-pyrazol-4-yl)methyl)-,DONE,2.07,-10.9956,2026-03-18 15:13:15,2026-03-18 15:15:19
LIG_0106,LIG_0106__N-((1-(4-bromophenyl)-3-(2-((4-chlorobenzyl)oxy)phenyl)-1H-pyrazol-4-yl)methyl)-,DONE,2.36,-11.1155,2026-03-18 15:15:19,2026-03-18 15:17:41
LIG_0107,LIG_0107__N-((3-(2-((3-chlorobenzyl)oxy)phenyl)-1-(3-nitrophenyl)-1H-pyrazol-4-yl)methyl)-,DONE,2.01,-10.2894,2026-03-18 15:17:41,2026-03-18 15:19:41
LIG_0108,LIG_0108__N-((3-(2-((3-chlorobenzyl)oxy)phenyl)-1-(3-nitrophenyl)-1H-pyrazol-4-yl)methyl)-,DONE,1.73,-10.2731,2026-03-18 15:19:41,2026-03-18 15:21:25
LIG_0109,LIG_0109__N-((3-(2-((2-chlorobenzyl)oxy)phenyl)-1-(3-nitrophenyl)-1H-pyrazol4-yl)methyl)-ʟ,DONE,2.22,-10.8392,2026-03-18 15:21:25,2026-03-18 15:23:38
LIG_0110,LIG_0110__N-((1-(4-bromophenyl)-3-(2-((3-chlorobenzyl)oxy)phenyl)-1H-pyrazol-4-yl)methyl)-,DONE,1.80,-9.1357,2026-03-18 15:23:38,2026-03-18 15:25:26
LIG_0111,LIG_0111__N-((3-(2-((2-chlorobenzyl)oxy)phenyl)-1-(3-nitrophenyl)-1H-pyrazol-4-yl)methyl)-,DONE,1.87,-9.4622,2026-03-18 15:25:26,2026-03-18 15:27:18
LIG_0112,LIG_0112__N-((1-(4-bromophenyl)-3-(2-((3-chlorobenzyl)oxy)phenyl)-1H-pyrazol-4-yl)methyl)g,DONE,1.48,-9.7634,2026-03-18 15:27:18,2026-03-18 15:28:47
LIG_0113,LIG_0113__N-((3-(2-((4-chlorobenzyl)oxy)phenyl)-1-(3-nitrophenyl)-1H-pyrazol-4-yl)methyl)-,DONE,2.24,-9.5497,2026-03-18 15:28:47,2026-03-18 15:31:01
LIG_0114,LIG_0114__N-((3-(2-((4-chlorobenzyl)oxy)phenyl)-1-(3-nitrophenyl)-1H-pyrazol-4-yl)methyl)-,DONE,1.74,-10.2712,2026-03-18 15:31:01,2026-03-18 15:32:46
LIG_0115,LIG_0115__N-((1-(4-bromophenyl)-3-(2-((3-chlorobenzyl)oxy)phenyl)-1H-pyrazol-4-yl)methyl)-,DONE,1.50,-9.6269,2026-03-18 15:32:46,2026-03-18 15:34:16
LIG_0116,LIG_0116__((3-(2-(benzyloxy)phenyl)-1-(3-nitrophenyl)-1H-pyrazol-4-yl)methyl)-L-alanine,DONE,1.60,-10.2397,2026-03-18 15:34:16,2026-03-18 15:35:53
LIG_0117,LIG_0117__N-((1-(4-bromophenyl)-3-(2-((3-chlorobenzyl)oxy)phenyl)-1H-pyrazol-4-yl)methyl)-,DONE,1.80,-10.1709,2026-03-18 15:35:53,2026-03-18 15:37:41
LIG_0118,LIG_0118__N-((3-(2-((2-chlorobenzyl)oxy)phenyl)-1-(3-nitrophenyl)-1H-pyrazol-4-yl)methyl)-,DONE,1.73,-10.1967,2026-03-18 15:37:41,2026-03-18 15:39:25
LIG_0119,LIG_0119__N-((3-(4-(benzyloxy)phenyl)-1-(3-nitrophenyl)-1H-pyrazol-4-yl)methyl)-L-alanin,DONE,1.61,-10.5304,2026-03-18 15:39:25,2026-03-18 15:41:01
LIG_0120,LIG_0120__N-((3-(4-(benzyloxy)phenyl)-1-(3-nitrophenyl)-1H-pyrazol-4-yl)methyl)glycin,DONE,1.58,-9.8129,2026-03-18 15:41:01,2026-03-18 15:42:36
LIG_0121,LIG_0121__N-((3-(4-(benzyloxy)phenyl)-1-(3-nitrophenyl)-1H-pyrazol-4-yl)methyl)-L-histidin,DONE,2.12,-10.6954,2026-03-18 15:42:36,2026-03-18 15:44:43
LIG_0122,LIG_0122__N-((3-(4-(benzyloxy)phenyl)-1-(3-nitrophenyl)-1H-pyrazol-4-yl)methyl)-L-valin,DONE,1.79,-10.1990,2026-03-18 15:44:43,2026-03-18 15:46:31
LIG_0123,LIG_0123__N-((3-(4-((3-chlorobenzyl)oxy)phenyl)-1-(3-nitrophenyl)-1H-pyrazol-4-yl)methyl)-,DONE,1.73,-10.6729,2026-03-18 15:46:31,2026-03-18 15:48:15
LIG_0124,LIG_0124__N-((3-(4-((3-chlorobenzyl)oxy)phenyl)-1-(3-nitrophenyl)-1H-pyrazol-4-yl)methyl)-,DONE,1.89,-10.1790,2026-03-18 15:48:15,2026-03-18 15:50:08
LIG_0125,LIG_0125__N-((3-(4-((4-chlorobenzyl)oxy)phenyl)-1-(3-nitrophenyl)-1H-pyrazol-4-yl)methyl)-,DONE,1.76,-10.3266,2026-03-18 15:50:08,2026-03-18 15:51:54
LIG_0126,LIG_0126__N-((3-(4-((4-chlorobenzyl)oxy)phenyl)-1-(3-nitrophenyl)-1H-pyrazol-4-yl)methyl)-,DONE,1.70,-10.0045,2026-03-18 15:51:54,2026-03-18 15:53:36
LIG_0127,LIG_0127__N-((3-(4-(benzyloxy)phenyl)-1-(4-bromophenyl)-1H-pyrazol-4-yl)methyl)-L-alanin,DONE,1.49,-10.4228,2026-03-18 15:53:36,2026-03-18 15:55:05
LIG_0128,LIG_0128__N-((3-(4-(benzyloxy)phenyl)-1-(4-bromophenyl)-1H-pyrazol-4-yl)methyl)-L-aspartic,DONE,1.76,-9.2745,2026-03-18 15:55:05,2026-03-18 15:56:50
LIG_0129,LIG_0129__N-((3-(4-(benzyloxy)phenyl)-1-(4-bromophenyl)-1H-pyrazol-4-yl)methyl)-L-isoleuci,DONE,1.75,-9.9645,2026-03-18 15:56:50,2026-03-18 15:58:36
LIG_0130,LIG_0130__N-((3-(4-(benzyloxy)phenyl)-1-(4-bromophenyl)-1H-pyrazol-4-yl)methyl)-L-leucin,DONE,1.78,-9.4844,2026-03-18 15:58:36,2026-03-18 16:00:22
LIG_0131,LIG_0131__N-((3-(4-(benzyloxy)phenyl)-1-(4-bromophenyl)-1H-pyrazol-4-yl)methyl)-L-methioni,DONE,1.85,-9.0495,2026-03-18 16:00:22,2026-03-18 16:02:13
LIG_0132,LIG_0132__N-((3-(4-(benzyloxy)phenyl)-1-(4-bromophenyl)-1H-pyrazol-4-yl)methyl)-L-phenylal,DONE,1.98,-9.7681,2026-03-18 16:02:13,2026-03-18 16:04:12
LIG_0133,LIG_0133__N-((3-(4-(benzyloxy)phenyl)-1-(4-bromophenyl)-1H-pyrazol-4-yl)methyl)-L-tryptoph,DONE,2.21,-10.5488,2026-03-18 16:04:12,2026-03-18 16:06:25
LIG_0134,LIG_0134__N-((3-(4-(benzyloxy)phenyl)-1-(4-bromophenyl)-1H-pyrazol-4-yl)methyl)-L-tyrosin,DONE,2.04,-10.9314,2026-03-18 16:06:25,2026-03-18 16:08:27
LIG_0135,LIG_0135__N-((3-(4-(benzyloxy)phenyl)-1-(4-bromophenyl)-1H-pyrazol-4-yl)methyl)-L-valin,DONE,1.59,-9.6035,2026-03-18 16:08:27,2026-03-18 16:10:02
LIG_0136,LIG_0136__N-((1-(4-bromophenyl)-3-(4-((3-chlorobenzyl)oxy)phenyl)-1H-pyrazol-4-yl)methyl)-,DONE,1.56,-10.7810,2026-03-18 16:10:02,2026-03-18 16:11:36
LIG_0137,LIG_0137__N-((1-(4-bromophenyl)-3-(4-((3-chlorobenzyl)oxy)phenyl)-1H-pyrazol-4-yl)methyl)-,DONE,1.80,-9.2377,2026-03-18 16:11:36,2026-03-18 16:13:24
LIG_0138,LIG_0138__N-((1-(4-bromophenyl)-3-(4-((3-chlorobenzyl)oxy)phenyl)-1H-pyrazol-4-yl)methyl)-,DONE,1.81,-9.1508,2026-03-18 16:13:24,2026-03-18 16:15:12
LIG_0139,LIG_0139__N-((1-(4-bromophenyl)-3-(4-((3-chlorobenzyl)oxy)phenyl)-1H-pyrazol-4-yl)methyl)-,DONE,1.83,-10.3336,2026-03-18 16:15:12,2026-03-18 16:17:02
LIG_0140,LIG_0140__N-((1-(4-bromophenyl)-3-(4-((3-chlorobenzyl)oxy)phenyl)-1H-pyrazol-4-yl)methyl)-,DONE,1.91,-9.3143,2026-03-18 16:17:02,2026-03-18 16:18:57
LIG_0141,LIG_0141__N-((1-(4-bromophenyl)-4-(4-((3-chlorobenzyl)oxy)phenyl)-1H-pyrazol-4-yl)methyl)-,DONE,2.05,-10.9651,2026-03-18 16:18:57,2026-03-18 16:21:00
LIG_0142,LIG_0142__N-((1-(4-bromophenyl)-3-(4-((3-chlorobenzyl)oxy)phenyl)-1H-pyrazol-4-yl)methyl)-,DONE,2.30,-11.0223,2026-03-18 16:21:00,2026-03-18 16:23:18
LIG_0143,LIG_0143__N-((1-(4-bromophenyl)-4-(4-((3-chlorobenzyl)oxy)phenyl)-1H-pyrazol-4-yl)methyl)-,DONE,2.26,-11.1421,2026-03-18 16:23:18,2026-03-18 16:25:34
LIG_0144,LIG_0144__N-((1-(4-bromophenyl)-3-(4-((3-chlorobenzyl)oxy)phenyl)-1H-pyrazol-4-yl)methyl)-,DONE,1.69,-9.8335,2026-03-18 16:25:34,2026-03-18 16:27:15
LIG_0145,LIG_0145__N-((1-(4-bromophenyl)-3-(4-((4-chlorobenzyl)oxy)phenyl)-1H-pyrazol-4-yl)methyl)-,DONE,1.55,-10.6270,2026-03-18 16:27:15,2026-03-18 16:28:48
LIG_0146,LIG_0146__N-((1-(4-bromophenyl)-3-(4-((4-chlorobenzyl)oxy)phenyl)-1H-pyrazol-4-yl)methyl)-,DONE,1.84,-9.0111,2026-03-18 16:28:48,2026-03-18 16:30:38
LIG_0147,LIG_0147__N-((1-(4-bromophenyl)-3-(4-((4-chlorobenzyl)oxy)phenyl)-1H-pyrazol-4-yl)methyl)-,DONE,1.82,-9.3816,2026-03-18 16:30:38,2026-03-18 16:32:27
LIG_0148,LIG_0148__N-((1-(4-bromophenyl)-3-(4-((4-chlorobenzyl)oxy)phenyl)-1H-pyrazol-4-yl)methyl)-,DONE,1.93,-9.6224,2026-03-18 16:32:27,2026-03-18 16:34:23
LIG_0149,LIG_0149__N-((1-(4-bromophenyl)-3-(4-((4-chlorobenzyl)oxy)phenyl)-1H-pyrazol-4-yl)methyl)-,DONE,2.06,-10.7675,2026-03-18 16:34:23,2026-03-18 16:36:27
LIG_0150,LIG_0150__N-((1-(4-bromophenyl)-3-(4-((4-chlorobenzyl)oxy)phenyl)-1H-pyrazol-4-yl)methyl)-,DONE,2.31,-10.3469,2026-03-18 16:36:27,2026-03-18 16:38:45
LIG_0151,LIG_0151__N-((1-(4-bromophenyl)-3-(4-((4-chlorobenzyl)oxy)phenyl)-1H-pyrazol-4-yl)methyl)-,DONE,2.21,-10.7078,2026-03-18 16:38:45,2026-03-18 16:40:58
LIG_0152,LIG_0152__N-((1-(4-bromophenyl)-3-(4-((4-chlorobenzyl)oxy)phenyl)-1H-pyrazol-4-yl)methyl)-,DONE,1.75,-10.1255,2026-03-18 16:40:58,2026-03-18 16:42:43
LIG_0153,LIG_0153__4-(((3-(4-(benzyloxy)phenyl)-1-phenyl-1H-pyrazol-4yl)methyl)amino)benzoic_acid,DONE,1.55,-10.2253,2026-03-18 16:42:43,2026-03-18 16:44:16
LIG_0154,LIG_0154__N-((3-(4-(benzyloxy)phenyl)-1-(3-nitrophenyl)-1H-pyrazol4-yl)methyl)-L-leucin,DONE,1.91,-10.3867,2026-03-18 16:44:16,2026-03-18 16:46:10
LIG_0155,LIG_0155__N-((3-(4-((3-chlorobenzyl)oxy)phenyl)_-1-(3-nitrophenyl)-1H-pyrazol-4-yl)methyl),DONE,2.28,-11.2751,2026-03-18 16:46:10,2026-03-18 16:48:27
LIG_0156,LIG_0156__N-((3-(4-((4-chlorobenzyl)oxy)phenyl)-1-(3-nitrophenyl)-1H-pyrazol-4-yl)methyl)-,DONE,2.65,-11.7698,2026-03-18 16:48:27,2026-03-18 16:51:06
LIG_0157,LIG_0157__N-((3-(4-((4-chlorobenzyl)oxy)phenyl)-1-(3-nitrophenyl)-1H-pyrazol-4-yl)methyl)-,DONE,2.08,-10.2074,2026-03-18 16:51:06,2026-03-18 16:53:11
LIG_0158,LIG_0158__1-((3-(3-((3-chlorobenzyl)oxy)phenyl)-1-(3-nitrophenyl)-1H-pyrazol-4-yl)methyl)p,DONE,1.71,-10.7297,2026-03-18 16:53:11,2026-03-18 16:54:53
LIG_0159,LIG_0159__N-((3-(3-((3-chlorobenzyl)oxy)phenyl)-1-(3-nitrophenyl)-1H-pyrazol-4-yl)methyl)-,DONE,1.90,-10.7752,2026-03-18 16:54:53,2026-03-18 16:56:47
LIG_0160,LIG_0160__N-((3-(3-((3-chlorobenzyl)oxy)phenyl)-1-(3-nitrophenyl)-1H-pyrazol-4-yl)methyl)-,DONE,1.80,-10.9637,2026-03-18 16:56:47,2026-03-18 16:58:35
LIG_0161,LIG_0161__1-((3-(3-((4-chlorobenzyl)oxy)phenyl)-1-(3-nitrophenyl)-1H-pyrazol-4-yl)methyl)p,DONE,1.79,-10.1646,2026-03-18 16:58:35,2026-03-18 17:00:22
LIG_0162,LIG_0162__N-((3-(4-(benzyloxy)phenyl)-1-(4-chlorophenyl)-1H-pyrazol-4-yl)methyl)-L-asparti,DONE,1.78,-9.5437,2026-03-18 17:00:22,2026-03-18 17:02:09
LIG_0163,LIG_0163__N-((3-(4-(benzyloxy)phenyl)-1-(4-chlorophenyl)-1H-pyrazol-4-yl)methyl)-L-glycin,DONE,1.39,-10.1650,2026-03-18 17:02:09,2026-03-18 17:03:33
LIG_0164,LIG_0164__N-((3-(4-((4-chlorobenzyl)oxy)phenyl)-1-(4-chlorophenyl)-1H-pyrazol-4-yl)methyl),DONE,1.83,-10.2322,2026-03-18 17:03:33,2026-03-18 17:05:22
LIG_0165,LIG_0165__N-((3-(4-((4-chlorobenzyl)oxy)phenyl)-1-(4-chlorophenyl)-1H-pyrazol-4-yl)methyl),DONE,2.10,-9.7343,2026-03-18 17:05:22,2026-03-18 17:07:28
LIG_0166,LIG_0166__N-((3-(4-((4-chlorobenzyl)oxy)phenyl)-1-(4-chlorophenyl)-1H-pyrazol-4-yl)methyl),DONE,2.34,-10.8423,2026-03-18 17:07:28,2026-03-18 17:09:49
LIG_0167,LIG_0167__3-(((3-(4-((4-chlorobenzyl)oxy)phenyl)-1-(4-chlorophenyl)-1Hpyrazol-4-yl)methyl),DONE,1.76,-11.2683,2026-03-18 17:09:49,2026-03-18 17:11:34
LIG_0168,LIG_0168__N-((3-(4-((4-chlorobenzyl)oxy)phenyl)-1-phenyl-1H-pyrazol-4-yl)methyl)-L-glycin,DONE,1.40,-9.8935,2026-03-18 17:11:34,2026-03-18 17:12:58
LIG_0169,LIG_0169__3-(((3-(4-(benzyloxy)phenyl)-1-(4-nitrophenyl)-1H-pyrazol-4-yl)methyl)amino)benz,DONE,1.81,-11.5858,2026-03-18 17:12:58,2026-03-18 17:14:47
LIG_0170,LIG_0170__4-(((3-(4-(benzyloxy)phenyl)1-(4-nitrophenyl)-1H-pyrazol-4-yl)methyl)amino)benzo,DONE,1.80,-10.5425,2026-03-18 17:14:47,2026-03-18 17:16:35
LIG_0171,LIG_0171__2-(((3-(4-(benzyloxy)phenyl)1-(4-nitrophenyl)-1H-pyrazol-4-yl)methyl)amino)benzo,DONE,1.80,-11.0543,2026-03-18 17:16:35,2026-03-18 17:18:23
LIG_0172,LIG_0172__N-((3-(4-(benzyloxy)phenyl)-1(4-nitrophenyl)-1H-pyrazol-4-yl)methyl)-L-leucin,DONE,1.91,-10.1591,2026-03-18 17:18:23,2026-03-18 17:20:18
LIG_0173,LIG_0173__4-(((3-(4-((4-chlorobenzyl)oxy)phenyl)-1(4-nitrophenyl)-1H-pyrazol-4-yl)methyl)a,DONE,1.96,-10.1769,2026-03-18 17:20:18,2026-03-18 17:22:15
LIG_0174,LIG_0174__N-((3-(2-(benzyloxy)phenyl)1-(4-bromophenyl)-1H-pyrazol-4-yl)methyl)glycin,DONE,1.37,-9.6755,2026-03-18 17:22:15,2026-03-18 17:23:38
LIG_0175,LIG_0175__N-((1-(4-bromophenyl)-3-(2-((4-chlorobenzyl)oxy)phenyl)-1H-pyrazol-4-yl)methyl)-,DONE,1.55,-10.6937,2026-03-18 17:23:38,2026-03-18 17:25:11
LIG_0176,LIG_0176__((3-(2-(benzyloxy)phenyl)-1-(4-methoxyphenyl)-1H-pyrazol-4-yl)methyl)-L-aspartic,DONE,1.87,-8.7271,2026-03-18 17:25:11,2026-03-18 17:27:03
LIG_0177,LIG_0177__N-((3-(2-(benzyloxy)phenyl)-1-(3-nitrophenyl)-1H-pyrazol-4-yl)methyl)-L-leucin,DONE,1.89,-10.1764,2026-03-18 17:27:03,2026-03-18 17:28:56
LIG_0178,LIG_0178__N-((3-(4-((4-chlorobenzyl)oxy)phenyl)-1-(3-nitrophenyl)-1H-pyrazol-4-yl)methyl)-,DONE,1.90,-10.5180,2026-03-18 17:28:56,2026-03-18 17:30:50
LIG_0179,LIG_0179__N-((1-(4-bromophenyl)-3-(4-((4-chlorobenzyl)oxy)phenyl)-1H-pyrazol-4-yl)methyl)-,DONE,1.81,-10.3656,2026-03-18 17:30:50,2026-03-18 17:32:39
